{"cameraMode":{"drawMode":0,"name":"Shaded","section":"Shading Mode"},"sceneLighting":true,"audioPlay":false,"sceneViewState":{"showFog":false,"showMaterialUpdate":true,"showSkybox":false,"showFlares":true,"showImageEffects":true,"showParticleSystems":true},"in2DMode":false,"pivot":{"x":-5.327509880065918,"y":-0.23497700691223145,"z":3.6823558807373049},"rotation":{"x":0.49652010202407839,"y":0.28288978338241579,"z":-0.1752108335494995,"w":0.801712155342102},"size":6.623605728149414,"orthographic":false}