{"cameraMode":{"drawMode":0,"name":"Shaded","section":"Shading Mode"},"sceneLighting":false,"audioPlay":false,"sceneViewState":{"showFog":false,"showMaterialUpdate":true,"showSkybox":false,"showFlares":true,"showImageEffects":true,"showParticleSystems":true},"in2DMode":false,"pivot":{"x":-3.410193920135498,"y":-0.9793829321861267,"z":1.4954330921173096},"rotation":{"x":0.1683448702096939,"y":0.3276994824409485,"z":-0.05946959927678108,"w":0.9277588725090027},"size":3.3501152992248537,"orthographic":false}