{"cameraMode":{"drawMode":0,"name":"Shaded","section":"Shading Mode"},"sceneLighting":false,"audioPlay":false,"sceneViewState":{"showFog":false,"showMaterialUpdate":false,"showSkybox":false,"showFlares":false,"showImageEffects":false,"showParticleSystems":false},"in2DMode":false,"pivot":{"x":0.02658998966217041,"y":0.11985117197036743,"z":0.00692296028137207},"rotation":{"x":-0.319155216217041,"y":0.4298580288887024,"z":-0.16565446555614472,"w":-0.8282033205032349},"size":3.2326574325561525,"orthographic":false}