{"cameraMode":{"drawMode":0,"name":"Shaded","section":"Shading Mode"},"sceneLighting":false,"audioPlay":false,"sceneViewState":{"showFog":false,"showMaterialUpdate":false,"showSkybox":false,"showFlares":false,"showImageEffects":false,"showParticleSystems":false},"in2DMode":false,"pivot":{"x":-0.14063489437103272,"y":-0.04856538772583008,"z":-0.10236838459968567},"rotation":{"x":-0.38845258951187136,"y":-0.602218508720398,"z":0.4202888011932373,"w":-0.5565921664237976},"size":3.900056838989258,"orthographic":false}