{"cameraMode":{"drawMode":0,"name":"Shaded","section":"Shading Mode"},"sceneLighting":true,"audioPlay":false,"sceneViewState":{"showFog":false,"showMaterialUpdate":false,"showSkybox":false,"showFlares":false,"showImageEffects":false,"showParticleSystems":false},"in2DMode":false,"pivot":{"x":944.2866821289063,"y":516.7376708984375,"z":-546.9609985351563},"rotation":{"x":0.07823530584573746,"y":-0.005643106531351805,"z":0.00044725416228175163,"w":0.9969188570976257},"size":34.05554962158203,"orthographic":false}