{"cameraMode":{"drawMode":0,"name":"Shaded","section":"Shading Mode"},"sceneLighting":true,"audioPlay":false,"sceneViewState":{"showFog":false,"showMaterialUpdate":true,"showSkybox":false,"showFlares":true,"showImageEffects":true,"showParticleSystems":true},"in2DMode":false,"pivot":{"x":854.2149047851563,"y":713.3444213867188,"z":271.3641357421875},"rotation":{"x":-0.009992795996367932,"y":-0.0014513973146677018,"z":0.000021173469576751813,"w":-0.999949038028717},"size":3139.818603515625,"orthographic":false}