{"cameraMode":{"drawMode":0,"name":"Shaded","section":"Shading Mode"},"sceneLighting":true,"audioPlay":false,"sceneViewState":{"showFog":false,"showMaterialUpdate":false,"showSkybox":false,"showFlares":false,"showImageEffects":false,"showParticleSystems":false},"in2DMode":false,"pivot":{"x":952.1551513671875,"y":472.5667724609375,"z":-173.44876098632813},"rotation":{"x":-0.041527628898620608,"y":0.7657718658447266,"z":-0.0497075654566288,"w":-0.6398423314094544},"size":1389.7784423828125,"orthographic":false}