{"cameraMode":{"drawMode":0,"name":"Shaded","section":"Shading Mode"},"sceneLighting":true,"audioPlay":false,"sceneViewState":{"showFog":false,"showMaterialUpdate":true,"showSkybox":false,"showFlares":true,"showImageEffects":true,"showParticleSystems":true},"in2DMode":false,"pivot":{"x":0.5178022980690002,"y":0.224901020526886,"z":17.823223114013673},"rotation":{"x":0.3233404755592346,"y":-0.03325267508625984,"z":0.011362511664628983,"w":0.9456300139427185},"size":1.3578839302062989,"orthographic":false}