{"cameraMode":{"drawMode":0,"name":"Shaded","section":"Shading Mode"},"sceneLighting":false,"audioPlay":false,"sceneViewState":{"showFog":false,"showMaterialUpdate":true,"showSkybox":false,"showFlares":true,"showImageEffects":true,"showParticleSystems":true},"in2DMode":false,"pivot":{"x":-0.0021750330924987795,"y":-0.014442235231399536,"z":-0.0017414987087249756},"rotation":{"x":0.546562135219574,"y":-0.3962295651435852,"z":0.32762521505355837,"w":0.6610095500946045},"size":0.49719560146331789,"orthographic":false}