{"cameraMode":{"drawMode":0,"name":"Shaded","section":"Shading Mode"},"sceneLighting":true,"audioPlay":false,"sceneViewState":{"showFog":false,"showMaterialUpdate":true,"showSkybox":false,"showFlares":true,"showImageEffects":true,"showParticleSystems":true},"in2DMode":false,"pivot":{"x":702.3514404296875,"y":551.8916625976563,"z":268.5908203125},"rotation":{"x":-0.009992795996367932,"y":-0.0014513973146677018,"z":0.000021173469576751813,"w":-0.999949038028717},"size":1751.3050537109375,"orthographic":false}