{"cameraMode":{"drawMode":0,"name":"Shaded","section":"Shading Mode"},"sceneLighting":false,"audioPlay":false,"sceneViewState":{"showFog":false,"showMaterialUpdate":true,"showSkybox":false,"showFlares":true,"showImageEffects":true,"showParticleSystems":true},"in2DMode":false,"pivot":{"x":-6.923999786376953,"y":0.03695958852767944,"z":0.019070804119110109},"rotation":{"x":-0.02322039194405079,"y":0.9662090539932251,"z":-0.2389203906059265,"w":-0.09390390664339066},"size":2.817937135696411,"orthographic":false}