{"cameraMode":{"drawMode":0,"name":"Shaded","section":"Shading Mode"},"sceneLighting":false,"audioPlay":false,"sceneViewState":{"showFog":false,"showMaterialUpdate":false,"showSkybox":false,"showFlares":false,"showImageEffects":false,"showParticleSystems":false},"in2DMode":false,"pivot":{"x":964.7866821289063,"y":516.7376708984375,"z":-546.9609985351563},"rotation":{"x":-0.04827830567955971,"y":0.02871277928352356,"z":-0.0013927121181041003,"w":-0.9984201788902283},"size":38.988319396972659,"orthographic":false}