{"cameraMode":{"drawMode":0,"name":"Shaded","section":"Shading Mode"},"sceneLighting":true,"audioPlay":false,"sceneViewState":{"showFog":false,"showMaterialUpdate":true,"showSkybox":false,"showFlares":true,"showImageEffects":true,"showParticleSystems":true},"in2DMode":false,"pivot":{"x":-1.047727346420288,"y":0.1138763427734375,"z":5.682069778442383},"rotation":{"x":0.6661303043365479,"y":0.035032425075769427,"z":-0.03136105835437775,"w":0.744351863861084},"size":44.83541488647461,"orthographic":false}