{"cameraMode":{"drawMode":0,"name":"Shaded","section":"Shading Mode"},"sceneLighting":false,"audioPlay":false,"sceneViewState":{"showFog":false,"showMaterialUpdate":true,"showSkybox":false,"showFlares":true,"showImageEffects":true,"showParticleSystems":true},"in2DMode":false,"pivot":{"x":0.38596779108047488,"y":0.5773488879203796,"z":-0.9539525508880615},"rotation":{"x":-0.301136314868927,"y":0.12031102180480957,"z":-0.03832776099443436,"w":-0.9451842308044434},"size":0.27088338136672976,"orthographic":false}