{"cameraMode":{"drawMode":0,"name":"Shaded","section":"Shading Mode"},"sceneLighting":true,"audioPlay":false,"sceneViewState":{"showFog":false,"showMaterialUpdate":true,"showSkybox":false,"showFlares":true,"showImageEffects":true,"showParticleSystems":true},"in2DMode":false,"pivot":{"x":10.667518615722657,"y":-91.42286682128906,"z":279.61785888671877},"rotation":{"x":-0.16369393467903138,"y":-0.025106485933065416,"z":0.004172919318079948,"w":-0.9861828684806824},"size":315.0903625488281,"orthographic":false}