{"cameraMode":{"drawMode":0,"name":"Shaded","section":"Shading Mode"},"sceneLighting":true,"audioPlay":false,"sceneViewState":{"showFog":false,"showMaterialUpdate":true,"showSkybox":false,"showFlares":true,"showImageEffects":true,"showParticleSystems":true},"in2DMode":false,"pivot":{"x":20.4290771484375,"y":5.664661407470703,"z":-15.760780334472657},"rotation":{"x":-0.03507525101304054,"y":0.9628073573112488,"z":-0.21915706992149354,"w":-0.15409204363822938},"size":83.74987030029297,"orthographic":false}