{"cameraMode":{"drawMode":0,"name":"Shaded","section":"Shading Mode"},"sceneLighting":false,"audioPlay":false,"sceneViewState":{"showFog":false,"showMaterialUpdate":true,"showSkybox":false,"showFlares":true,"showImageEffects":true,"showParticleSystems":true},"in2DMode":false,"pivot":{"x":0.0,"y":0.02999994158744812,"z":-0.16249993443489076},"rotation":{"x":0.037985071539878848,"y":0.010862821713089943,"z":0.0004216559464111924,"w":-0.9992191791534424},"size":3.1940295696258547,"orthographic":false}