{"cameraMode":{"drawMode":0,"name":"Shaded","section":"Shading Mode"},"sceneLighting":false,"audioPlay":false,"sceneViewState":{"showFog":false,"showMaterialUpdate":true,"showSkybox":false,"showFlares":true,"showImageEffects":true,"showParticleSystems":true},"in2DMode":false,"pivot":{"x":0.0,"y":0.17468780279159547,"z":-0.009524703025817871},"rotation":{"x":-0.007367725949734449,"y":-0.8714572787284851,"z":0.4902411103248596,"w":-0.013101787306368351},"size":5.480091094970703,"orthographic":false}