{"cameraMode":{"drawMode":0,"name":"Shaded","section":"Shading Mode"},"sceneLighting":false,"audioPlay":false,"sceneViewState":{"showFog":false,"showMaterialUpdate":true,"showSkybox":false,"showFlares":true,"showImageEffects":true,"showParticleSystems":true},"in2DMode":false,"pivot":{"x":0.0,"y":-0.012945502996444703,"z":0.045008718967437747},"rotation":{"x":-0.3976452350616455,"y":0.003601079573854804,"z":-0.0015572201227769256,"w":-0.91753089427948},"size":2.236490488052368,"orthographic":false}