{"cameraMode":{"drawMode":0,"name":"Shaded","section":"Shading Mode"},"sceneLighting":true,"audioPlay":false,"sceneViewState":{"showFog":false,"showMaterialUpdate":true,"showSkybox":false,"showFlares":true,"showImageEffects":true,"showParticleSystems":true},"in2DMode":false,"pivot":{"x":-12.241349220275879,"y":-11.377723693847657,"z":11.650359153747559},"rotation":{"x":0.32537102699279787,"y":-0.5061290264129639,"z":0.2139900177717209,"w":0.7695293426513672},"size":17.283050537109376,"orthographic":false}