{"cameraMode":{"drawMode":0,"name":"Shaded","section":"Shading Mode"},"sceneLighting":false,"audioPlay":false,"sceneViewState":{"showFog":false,"showMaterialUpdate":false,"showSkybox":false,"showFlares":false,"showImageEffects":false,"showParticleSystems":false},"in2DMode":false,"pivot":{"x":2.905524492263794,"y":0.2946819067001343,"z":19.56329917907715},"rotation":{"x":-0.010873827151954174,"y":-0.96977299451828,"z":0.043973349034786227,"w":-0.23976732790470124},"size":21.866619110107423,"orthographic":false}