{"cameraMode":{"drawMode":0,"name":"Shaded","section":"Shading Mode"},"sceneLighting":true,"audioPlay":false,"sceneViewState":{"showFog":false,"showMaterialUpdate":false,"showSkybox":false,"showFlares":false,"showImageEffects":false,"showParticleSystems":false},"in2DMode":false,"pivot":{"x":-20.019287109375,"y":8.331290245056153,"z":0.3305909037590027},"rotation":{"x":-0.0011743473587557674,"y":0.761582612991333,"z":-0.0013869061367586256,"w":-0.6480653285980225},"size":5.526014804840088,"orthographic":false}