{"cameraMode":{"drawMode":0,"name":"Shaded","section":"Shading Mode"},"sceneLighting":true,"audioPlay":false,"sceneViewState":{"showFog":false,"showMaterialUpdate":true,"showSkybox":false,"showFlares":true,"showImageEffects":true,"showParticleSystems":true},"in2DMode":false,"pivot":{"x":-11.02501106262207,"y":0.3648350238800049,"z":8.20644474029541},"rotation":{"x":0.06629018485546112,"y":0.24897274374961854,"z":-0.017092280089855195,"w":0.966088056564331},"size":14.911092758178711,"orthographic":false}