{"cameraMode":{"drawMode":0,"name":"Shaded","section":"Shading Mode"},"sceneLighting":true,"audioPlay":false,"sceneViewState":{"showFog":false,"showMaterialUpdate":true,"showSkybox":false,"showFlares":true,"showImageEffects":true,"showParticleSystems":true},"in2DMode":false,"pivot":{"x":-0.1336410939693451,"y":0.26983147859573367,"z":-0.09268736839294434},"rotation":{"x":-0.12060309201478958,"y":-0.0386572889983654,"z":0.00470653735101223,"w":-0.9919367432594299},"size":1.9940297603607178,"orthographic":false}