{"cameraMode":{"drawMode":0,"name":"Shaded","section":"Shading Mode"},"sceneLighting":true,"audioPlay":false,"sceneViewState":{"showFog":false,"showMaterialUpdate":true,"showSkybox":false,"showFlares":true,"showImageEffects":true,"showParticleSystems":true},"in2DMode":false,"pivot":{"x":0.27699989080429079,"y":-0.9035208225250244,"z":1.6052666902542115},"rotation":{"x":0.27555227279663088,"y":0.07366042584180832,"z":-0.02119074948132038,"w":0.9582254886627197},"size":2.387633800506592,"orthographic":false}