{"cameraMode":{"drawMode":0,"name":"Shaded","section":"Shading Mode"},"sceneLighting":true,"audioPlay":false,"sceneViewState":{"showFog":false,"showMaterialUpdate":false,"showSkybox":false,"showFlares":false,"showImageEffects":false,"showParticleSystems":false},"in2DMode":false,"pivot":{"x":-10.796331405639649,"y":8.396295547485352,"z":-9.54085922241211},"rotation":{"x":-0.085875004529953,"y":0.7258280515670776,"z":-0.09217823296785355,"w":-0.676241397857666},"size":34.43230438232422,"orthographic":false}