{"cameraMode":{"drawMode":0,"name":"Shaded","section":"Shading Mode"},"sceneLighting":true,"audioPlay":false,"sceneViewState":{"showFog":false,"showMaterialUpdate":true,"showSkybox":false,"showFlares":true,"showImageEffects":true,"showParticleSystems":true},"in2DMode":false,"pivot":{"x":0.031891971826553348,"y":-1.1269986629486085,"z":1.0361419916152955},"rotation":{"x":-0.28600654006004336,"y":0.051760636270046237,"z":-0.015466887503862381,"w":-0.9567037224769592},"size":3.2084925174713136,"orthographic":false}