{"cameraMode":{"drawMode":0,"name":"Shaded","section":"Shading Mode"},"sceneLighting":false,"audioPlay":false,"sceneViewState":{"showFog":false,"showMaterialUpdate":true,"showSkybox":false,"showFlares":true,"showImageEffects":true,"showParticleSystems":true},"in2DMode":false,"pivot":{"x":1.684999942779541,"y":-0.000001519918441772461,"z":-0.000012159347534179688},"rotation":{"x":0.26012125611305239,"y":-0.6645886301994324,"z":0.2669331729412079,"w":0.6476152539253235},"size":6.0915422439575199,"orthographic":false}