{"cameraMode":{"drawMode":0,"name":"Shaded","section":"Shading Mode"},"sceneLighting":true,"audioPlay":false,"sceneViewState":{"showFog":false,"showMaterialUpdate":true,"showSkybox":false,"showFlares":true,"showImageEffects":true,"showParticleSystems":true},"in2DMode":false,"pivot":{"x":933.7957763671875,"y":656.5550537109375,"z":-134.78076171875},"rotation":{"x":0.04749171435832977,"y":-0.011759970337152481,"z":0.0005513726500794292,"w":0.9988022446632385},"size":2696.63818359375,"orthographic":false}