{"cameraMode":{"drawMode":0,"name":"Shaded","section":"Shading Mode"},"sceneLighting":false,"audioPlay":false,"sceneViewState":{"showFog":false,"showMaterialUpdate":false,"showSkybox":false,"showFlares":false,"showImageEffects":false,"showParticleSystems":false},"in2DMode":false,"pivot":{"x":2.5448691844940187,"y":10.833508491516114,"z":-11.870542526245118},"rotation":{"x":-0.319155216217041,"y":0.4298580288887024,"z":-0.16565446555614472,"w":-0.8282033205032349},"size":29.786972045898439,"orthographic":false}