{"cameraMode":{"drawMode":0,"name":"Shaded","section":"Shading Mode"},"sceneLighting":true,"audioPlay":false,"sceneViewState":{"showFog":false,"showMaterialUpdate":true,"showSkybox":false,"showFlares":true,"showImageEffects":true,"showParticleSystems":true},"in2DMode":false,"pivot":{"x":-0.4478050768375397,"y":-0.16237449645996095,"z":0.4866119921207428},"rotation":{"x":-0.7197306156158447,"y":-0.008292973972856999,"z":0.008607126772403717,"w":-0.6941505670547485},"size":5.214268684387207,"orthographic":false}