{"cameraMode":{"drawMode":0,"name":"Shaded","section":"Shading Mode"},"sceneLighting":false,"audioPlay":false,"sceneViewState":{"showFog":false,"showMaterialUpdate":true,"showSkybox":false,"showFlares":true,"showImageEffects":true,"showParticleSystems":true},"in2DMode":false,"pivot":{"x":0.0,"y":0.0035879909992218019,"z":0.13620007038116456},"rotation":{"x":-0.21093109250068665,"y":-0.7465072274208069,"z":0.27792462706565859,"w":-0.5665625333786011},"size":3.0854532718658449,"orthographic":false}