{"cameraMode":{"drawMode":0,"name":"Shaded","section":"Shading Mode"},"sceneLighting":true,"audioPlay":false,"sceneViewState":{"showFog":false,"showMaterialUpdate":true,"showSkybox":false,"showFlares":true,"showImageEffects":true,"showParticleSystems":true},"in2DMode":false,"pivot":{"x":968.2643432617188,"y":1166.136962890625,"z":404.68585205078127},"rotation":{"x":0.0998455062508583,"y":0.0032100684475153686,"z":-0.0003299167728982866,"w":0.9949977397918701},"size":972.5594482421875,"orthographic":false}