{"cameraMode":{"drawMode":0,"name":"Shaded","section":"Shading Mode"},"sceneLighting":false,"audioPlay":false,"sceneViewState":{"showFog":false,"showMaterialUpdate":true,"showSkybox":false,"showFlares":true,"showImageEffects":true,"showParticleSystems":true},"in2DMode":false,"pivot":{"x":-2.173985481262207,"y":-0.432567834854126,"z":-0.3319476842880249},"rotation":{"x":0.4181377589702606,"y":-0.3701193928718567,"z":0.19174037873744965,"w":0.8070985674858093},"size":1.5501160621643067,"orthographic":false}