{"cameraMode":{"drawMode":0,"name":"Shaded","section":"Shading Mode"},"sceneLighting":false,"audioPlay":false,"sceneViewState":{"showFog":false,"showMaterialUpdate":true,"showSkybox":false,"showFlares":true,"showImageEffects":true,"showParticleSystems":true},"in2DMode":false,"pivot":{"x":2.280100107192993,"y":-0.007100000977516174,"z":0.12124991416931153},"rotation":{"x":-0.007367725949734449,"y":-0.8714572787284851,"z":0.4902411103248596,"w":-0.013101787306368351},"size":4.878101348876953,"orthographic":false}