{"cameraMode":{"drawMode":0,"name":"Shaded","section":"Shading Mode"},"sceneLighting":false,"audioPlay":false,"sceneViewState":{"showFog":false,"showMaterialUpdate":true,"showSkybox":false,"showFlares":true,"showImageEffects":true,"showParticleSystems":true},"in2DMode":false,"pivot":{"x":0.4530590772628784,"y":-2.3898766040802,"z":2.6998672485351564},"rotation":{"x":-0.3718777000904083,"y":-0.06202859804034233,"z":0.024916937574744226,"w":-0.9258718490600586},"size":6.606189727783203,"orthographic":false}