{"cameraMode":{"drawMode":0,"name":"Shaded","section":"Shading Mode"},"sceneLighting":true,"audioPlay":false,"sceneViewState":{"showFog":false,"showMaterialUpdate":true,"showSkybox":false,"showFlares":true,"showImageEffects":true,"showParticleSystems":true},"in2DMode":false,"pivot":{"x":938.9710083007813,"y":589.817138671875,"z":274.5355224609375},"rotation":{"x":0.0729474201798439,"y":0.003217807039618492,"z":-0.0002431353204883635,"w":0.9973305463790894},"size":2202.679931640625,"orthographic":false}