{"cameraMode":{"drawMode":0,"name":"Shaded","section":"Shading Mode"},"sceneLighting":false,"audioPlay":false,"sceneViewState":{"showFog":false,"showMaterialUpdate":true,"showSkybox":false,"showFlares":true,"showImageEffects":true,"showParticleSystems":true},"in2DMode":false,"pivot":{"x":-0.061932522803545,"y":-0.43132638931274416,"z":0.21789062023162843},"rotation":{"x":0.5721678733825684,"y":-0.03810290992259979,"z":0.0266248881816864,"w":0.818818211555481},"size":1.7334532737731934,"orthographic":false}