{"cameraMode":{"drawMode":0,"name":"Shaded","section":"Shading Mode"},"sceneLighting":true,"audioPlay":false,"sceneViewState":{"showFog":false,"showMaterialUpdate":true,"showSkybox":false,"showFlares":true,"showImageEffects":true,"showParticleSystems":true},"in2DMode":false,"pivot":{"x":20.899913787841798,"y":10.284165382385254,"z":11.802206039428711},"rotation":{"x":0.17406286299228669,"y":0.02532983012497425,"z":-0.00448673777282238,"w":0.9843985438346863},"size":117.80632781982422,"orthographic":false}