{"cameraMode":{"drawMode":0,"name":"Shaded","section":"Shading Mode"},"sceneLighting":true,"audioPlay":false,"sceneViewState":{"showFog":false,"showMaterialUpdate":false,"showSkybox":false,"showFlares":false,"showImageEffects":false,"showParticleSystems":false},"in2DMode":false,"pivot":{"x":973.7168579101563,"y":486.3808898925781,"z":-195.55889892578126},"rotation":{"x":-0.04827830567955971,"y":0.02871277928352356,"z":-0.0013927121181041003,"w":-0.9984201788902283},"size":318.6914367675781,"orthographic":false}