{"cameraMode":{"drawMode":0,"name":"Shaded","section":"Shading Mode"},"sceneLighting":true,"audioPlay":false,"sceneViewState":{"showFog":false,"showMaterialUpdate":false,"showSkybox":false,"showFlares":false,"showImageEffects":false,"showParticleSystems":false},"in2DMode":false,"pivot":{"x":-5.482202529907227,"y":16.70233154296875,"z":6.198887348175049},"rotation":{"x":0.034581221640110019,"y":-0.769706130027771,"z":0.04185209423303604,"w":0.6360857486724854},"size":0.06233572959899902,"orthographic":false}