{"cameraMode":{"drawMode":0,"name":"Shaded","section":"Shading Mode"},"sceneLighting":true,"audioPlay":false,"sceneViewState":{"showFog":false,"showMaterialUpdate":true,"showSkybox":false,"showFlares":true,"showImageEffects":true,"showParticleSystems":true},"in2DMode":false,"pivot":{"x":-0.8029515743255615,"y":-6.746677398681641,"z":10.195104598999024},"rotation":{"x":0.2763441801071167,"y":-0.009577698074281216,"z":0.0027451147325336935,"w":0.9610071182250977},"size":13.80976676940918,"orthographic":false}