{"cameraMode":{"drawMode":0,"name":"Shaded","section":"Shading Mode"},"sceneLighting":true,"audioPlay":false,"sceneViewState":{"showFog":false,"showMaterialUpdate":false,"showSkybox":false,"showFlares":false,"showImageEffects":false,"showParticleSystems":false},"in2DMode":false,"pivot":{"x":-16.02736473083496,"y":-2.532590389251709,"z":-0.1598406732082367},"rotation":{"x":-0.14883585274219514,"y":0.695006787776947,"z":-0.1505420207977295,"w":-0.6871322393417358},"size":23.118824005126954,"orthographic":false}