{"cameraMode":{"drawMode":0,"name":"Shaded","section":"Shading Mode"},"sceneLighting":true,"audioPlay":false,"sceneViewState":{"showFog":false,"showMaterialUpdate":false,"showSkybox":false,"showFlares":false,"showImageEffects":false,"showParticleSystems":false},"in2DMode":false,"pivot":{"x":-21.11029624938965,"y":8.140238761901856,"z":-4.980929851531982},"rotation":{"x":-0.011830962263047696,"y":0.9592106938362122,"z":-0.04061610624194145,"w":-0.27950915694236758},"size":11.830890655517579,"orthographic":false}