{"cameraMode":{"drawMode":0,"name":"Shaded","section":"Shading Mode"},"sceneLighting":true,"audioPlay":false,"sceneViewState":{"showFog":false,"showMaterialUpdate":true,"showSkybox":false,"showFlares":true,"showImageEffects":true,"showParticleSystems":true},"in2DMode":false,"pivot":{"x":-0.0639064759016037,"y":-0.12754440307617188,"z":-0.48235946893692019},"rotation":{"x":-0.7197306156158447,"y":-0.008292973972856999,"z":0.008607126772403717,"w":-0.6941505670547485},"size":8.906248092651368,"orthographic":false}