{"cameraMode":{"drawMode":0,"name":"Shaded","section":"Shading Mode"},"sceneLighting":true,"audioPlay":false,"sceneViewState":{"showFog":false,"showMaterialUpdate":true,"showSkybox":false,"showFlares":true,"showImageEffects":true,"showParticleSystems":true},"in2DMode":false,"pivot":{"x":-0.11848914623260498,"y":0.09060120582580567,"z":-0.08848118782043457},"rotation":{"x":-0.02651716209948063,"y":-0.9686660170555115,"z":0.2165968120098114,"w":-0.11861205101013184},"size":3.0858922004699709,"orthographic":false}