{"cameraMode":{"drawMode":0,"name":"Shaded","section":"Shading Mode"},"sceneLighting":true,"audioPlay":false,"sceneViewState":{"showFog":false,"showMaterialUpdate":true,"showSkybox":false,"showFlares":true,"showImageEffects":true,"showParticleSystems":true},"in2DMode":false,"pivot":{"x":147.15316772460938,"y":164.16561889648438,"z":241.51593017578126},"rotation":{"x":0.037985071539878848,"y":0.010862821713089943,"z":0.0004216559464111924,"w":-0.9992191791534424},"size":667.2833251953125,"orthographic":false}