{"cameraMode":{"drawMode":0,"name":"Shaded","section":"Shading Mode"},"sceneLighting":true,"audioPlay":false,"sceneViewState":{"showFog":false,"showMaterialUpdate":true,"showSkybox":false,"showFlares":true,"showImageEffects":true,"showParticleSystems":true},"in2DMode":false,"pivot":{"x":-2.0417613983154299,"y":-0.33043742179870608,"z":-0.3667844831943512},"rotation":{"x":0.5750987529754639,"y":0.16554631292819978,"z":-0.12020500749349594,"w":0.7920900583267212},"size":2.093756914138794,"orthographic":false}