{"cameraMode":{"drawMode":0,"name":"Shaded","section":"Shading Mode"},"sceneLighting":true,"audioPlay":false,"sceneViewState":{"showFog":false,"showMaterialUpdate":true,"showSkybox":false,"showFlares":true,"showImageEffects":true,"showParticleSystems":true},"in2DMode":false,"pivot":{"x":0.24082739651203156,"y":0.22183799743652345,"z":17.801326751708986},"rotation":{"x":0.3233404755592346,"y":-0.03325267508625984,"z":0.011362511664628983,"w":0.9456300139427185},"size":1.657883882522583,"orthographic":false}